{
  "no_rag": {
    "bleu": 0.0673063934343476,
    "rougeL": 0.26189852718901263,
    "token_f1": 0.2464091162110379
  },
  "clip": {
    "bleu": 0.12171853153048079,
    "rougeL": 0.38561314530995255,
    "token_f1": 0.3869104549700716,
    "recall_at_3": 1.0
  },
  "colpali": {
    "bleu": 0.13909020736422892,
    "rougeL": 0.3778091934688994,
    "token_f1": 0.37855494370020687,
    "recall_at_3": 1.0
  },
  "report_gen_medgemma": {
    "bleu": 0.02937391506466131,
    "rougeL": 0.20450045990211682,
    "token_f1": 0.24052686779345583
  }
}

